unserved_medicaid/km2,unserved_commercial/km2,Cholesterol screening among adults aged >=18 years,Taking medicine for high blood pressure control among adults aged >=18 years with high blood pressure,Visits to dentist or dental clinic among adults aged >=18 years,Visits to doctor for routine checkup within the past year among adults aged >=18 years,Physical health not good for >=14 days among adults aged >=18 years
0.0,21.9,,,,,
0.0,12.0,,,,,
0.0,12.3,,,,,
4.7,0.0,,,,,
2.5,2.2,,,,,
0.3,60.5,89.0,76.8,70.3,77.6,10.1
1.4,2.6,86.4,79.2,61.9,76.2,12.7
0.0,0.6,85.3,78.5,61.4,75.5,12.5
2.9,12.1,86.8,77.1,66.5,75.5,10.9
3.0,10.5,85.2,78.7,61.6,75.7,12.5
0.0,6.9,86.1,79.8,66.1,82.6,13.7
0.0,23.4,87.9,77.9,68.3,76.9,9.5
0.0,0.5,87.6,81.7,66.3,80.8,12.7
0.0,10.2,90.1,76.2,75.6,78.3,9.0
0.0,18.6,87.8,78.8,68.7,80.2,10.8
17.2,289.5,88.8,80.0,70.5,81.0,10.4
0.0,25.6,89.5,78.7,75.8,83.0,10.3
31.6,0.0,79.2,78.3,48.3,78.6,16.8
5762.6,0.0,81.0,70.4,48.7,75.5,15.4
5263.4,0.0,82.1,73.3,49.8,77.2,15.8
5317.1,0.0,81.5,70.1,52.0,75.8,14.0
0.0,6.5,87.9,78.6,66.6,78.3,11.4
1.8,9.1,88.3,77.5,68.2,77.6,10.3
1.8,6.5,83.7,76.4,60.2,78.2,12.6
0.0,18.8,85.8,78.7,63.0,79.6,12.2
651.8,0.0,80.0,76.8,51.9,78.3,14.7
2.6,20.3,86.1,78.8,64.1,79.6,11.8
0.0,110.8,89.1,75.6,74.4,77.7,9.1
0.0,127.0,88.4,75.4,70.0,77.6,10.1
4677.4,0.0,82.0,75.4,47.9,77.4,17.4
17320.9,0.0,78.9,70.4,44.2,75.1,17.5
10.4,0.0,80.7,78.0,52.9,79.5,14.7
499.7,0.0,76.2,75.9,43.6,77.6,16.9
2401.8,0.0,76.7,75.1,43.8,77.8,16.7
2854.3,0.0,73.7,75.0,38.6,77.4,17.4
6928.2,0.0,80.5,71.8,46.5,75.6,16.9
173.0,0.0,79.3,77.9,47.2,78.3,17.1
445.4,0.0,80.5,76.6,53.3,78.3,14.3
134.5,0.0,86.2,79.4,64.4,80.2,11.8
0.0,8.8,89.2,79.2,73.9,80.0,10.2
0.2,21.3,87.1,77.0,68.0,77.4,10.9
0.0,7.5,87.2,75.7,65.7,76.5,11.0
4.7,0.0,83.5,79.7,61.0,80.5,13.7
1.2,0.7,85.3,79.6,62.7,79.2,13.4
2.3,3.4,87.4,79.2,62.0,77.9,13.0
2.3,8.2,87.3,79.1,63.2,77.9,12.6
0.2,0.0,89.0,75.4,71.6,77.0,9.5
3.1,11.5,87.9,77.8,65.7,77.6,11.5
18.0,149.0,86.0,78.2,65.3,77.9,11.7
0.0,16.1,86.7,77.2,66.9,77.4,11.3
0.0,2.2,88.2,77.5,71.3,78.9,10.8
1.8,14.2,85.8,74.5,64.9,71.5,10.6
2.7,15.8,86.2,75.4,63.8,71.9,11.2
12.3,0.0,84.2,77.3,59.1,73.1,12.2
6.4,6.6,87.4,74.2,70.2,71.8,8.3
0.0,29.9,84.3,75.2,72.5,71.7,7.1
3.6,30.9,88.8,78.2,72.8,79.4,10.4
1.4,13.3,87.6,76.9,70.8,78.4,10.9
11.3,22.0,,,,,
0.0,7.0,,,,,
0.0,39.5,,,,,
3.5,54.6,,,,,
0.9,29.0,,,,,
0.0,24.7,85.8,78.4,65.2,78.6,12.8
0.0,498.5,88.7,82.1,69.9,81.3,12.1
0.0,56.6,87.8,77.8,69.2,76.6,10.8
0.0,7.1,85.8,78.1,61.1,76.5,13.1
0.0,11.4,92.2,82.4,73.7,80.6,11.0
69.3,0.0,86.9,78.7,65.8,76.9,12.2
2.1,0.0,86.8,79.5,61.9,77.0,13.9
0.0,19.6,88.0,76.5,69.9,76.3,10.5
0.0,57.1,87.9,76.0,70.3,76.0,10.3
9997.7,0.0,80.7,69.5,51.5,74.1,14.0
60.5,0.0,79.7,77.4,51.9,78.5,15.0
0.0,3.0,,,,,
2.2,8.0,,,,,
38.1,0.0,87.0,77.9,63.3,77.6,10.7
0.0,93.6,87.9,76.3,75.3,81.9,9.7
0.0,381.9,90.9,75.5,78.2,75.2,7.7
0.0,414.6,88.9,77.2,72.5,77.7,9.4
0.0,100.1,88.7,75.4,73.2,77.1,8.9
0.0,140.7,89.8,75.8,75.5,77.5,8.4
0.0,32.3,89.9,77.1,73.7,77.9,9.2
0.0,223.5,89.7,78.8,74.2,80.1,10.0
0.0,481.4,87.9,77.2,71.8,78.9,10.5
0.0,27.7,91.0,77.3,78.9,79.8,8.0
0.0,0.4,88.8,78.7,72.4,79.5,10.6
0.0,83.8,84.0,75.7,70.0,75.7,9.3
0.0,63.3,90.9,78.7,76.1,79.4,9.5
0.0,10.2,89.9,77.2,74.5,78.4,9.5
16.3,70.3,87.6,78.5,67.5,78.3,12.0
10.8,37.5,85.2,74.6,64.1,76.5,11.4
0.0,5.7,85.4,80.4,61.6,79.8,14.2
2.2,11.4,86.6,80.3,66.0,80.1,12.3
1.4,19.9,86.3,76.2,65.5,77.3,11.4
0.0,18.8,88.1,78.5,72.0,82.6,11.6
0.0,53.6,88.0,77.9,73.9,82.4,10.7
0.0,39.3,88.2,78.9,73.4,82.7,11.0
6.0,22.1,86.6,78.5,69.3,82.3,12.3
0.0,20.2,86.3,77.5,69.2,81.9,12.1
81.0,0.0,85.8,79.0,69.0,82.4,12.2
0.0,228.0,89.6,78.5,77.6,83.2,9.6
0.0,3.3,81.1,73.7,53.8,81.9,18.8
0.0,10.1,,,,,
1.7,4.7,,,,,
2436.6,0.0,89.1,82.1,61.7,79.0,12.9
0.0,392.8,,,,,
0.0,91.9,,,,,
0.0,52.8,,,,,
0.0,24.7,,,,,
0.0,53.7,,,,,
0.0,380.4,,,,,
0.0,834.4,89.0,77.9,77.8,82.8,9.2
0.0,1.2,90.3,80.8,77.6,84.2,9.9
0.0,219.5,91.6,77.9,81.4,83.6,8.2
0.0,7.2,89.7,78.9,77.1,83.3,9.7
0.0,377.7,90.1,80.7,77.4,84.1,10.0
0.0,82.4,90.4,79.8,77.9,83.8,9.7
0.0,48.1,89.6,79.9,75.9,83.6,10.4
0.0,196.7,86.8,78.8,71.1,82.5,11.7
0.0,20.3,87.8,78.6,72.3,82.6,11.5
0.0,58.7,88.8,78.1,75.7,82.7,10.3
0.0,24.9,88.4,78.1,74.6,82.6,10.6
122.6,0.0,,,,,
2164.0,0.0,,,,,
768.2,0.0,87.9,79.1,52.9,82.3,14.0
2382.6,0.0,84.7,71.5,51.6,80.1,11.6
3431.1,0.0,88.6,74.6,58.8,81.8,10.2
2271.7,0.0,88.8,83.5,47.7,85.1,16.2
5809.2,0.0,81.6,71.1,43.6,78.4,14.6
2536.4,0.0,83.0,73.1,54.5,76.8,12.2
1672.4,0.0,87.2,74.1,55.5,81.2,11.2
2240.8,0.0,85.9,77.9,48.1,82.9,14.6
1100.4,0.0,89.8,76.0,62.9,83.2,9.7
4718.5,0.0,88.6,76.6,58.7,83.3,10.9
1485.6,0.0,89.4,76.3,59.7,83.3,10.6
3963.2,0.0,88.1,74.8,58.7,80.7,11.0
265.3,0.0,84.1,77.9,68.0,82.1,10.5
0.0,326.6,88.8,76.8,71.9,78.1,10.0
0.0,189.1,89.7,76.1,74.4,78.0,9.2
0.0,2.6,89.4,75.0,75.1,77.6,8.8
0.0,44.2,91.3,78.5,78.1,79.5,8.6
0.0,78.8,90.5,79.3,78.2,77.3,8.8
14.0,0.0,85.8,71.9,64.1,74.3,10.6
128.1,0.0,78.9,76.7,50.8,82.0,16.9
0.0,268.0,85.0,78.0,63.3,77.7,12.8
0.0,152.4,84.5,78.8,60.1,78.1,13.8
0.0,474.2,83.3,78.1,57.4,77.1,14.8
0.0,3.4,82.7,80.7,47.7,77.6,15.2
0.0,134.5,85.8,81.6,55.9,79.0,13.3
0.0,3.1,87.5,80.2,60.9,78.4,11.8
817.6,0.0,80.6,78.2,53.7,78.5,15.8
0.0,16.6,,,,,
0.0,153.3,,,,,
123.5,0.0,,,,,
422.0,0.0,,,,,
0.0,201.3,,,,,
2363.5,504.7,,,,,
0.0,92.1,,,,,
0.0,248.6,,,,,
0.0,545.5,,,,,
0.0,437.0,,,,,
7769.3,1268.7,,,,,
7818.9,0.0,,,,,
229.3,0.0,77.1,78.0,43.5,77.7,19.2
321.8,0.0,85.6,78.3,65.7,79.0,12.0
5.4,8.6,84.1,77.5,57.0,76.5,11.9
429.5,0.0,84.3,79.3,62.2,79.4,13.2
5.0,0.0,85.9,78.1,63.5,77.7,12.1
0.0,300.7,82.9,79.1,67.2,79.4,11.1
0.0,1176.0,61.2,29.3,64.5,71.9,6.9
424.3,0.0,80.5,77.7,53.2,78.0,15.7
0.0,244.3,87.9,77.5,75.5,82.4,9.8
0.0,3421.6,88.3,78.0,69.6,77.1,9.3
993.3,0.0,75.5,73.4,47.5,80.3,16.8
0.0,115.6,84.9,73.0,63.3,74.4,9.8
0.0,38.6,,,,,
0.0,5.1,83.3,78.2,54.1,76.4,14.1
0.0,666.0,,,,,
226.8,0.0,79.8,77.5,46.3,75.8,16.1
321.1,0.0,77.0,77.7,37.8,75.6,18.9
0.0,13.1,85.4,80.8,56.7,78.0,13.9
0.0,15.0,85.7,79.4,59.5,77.6,12.7
0.0,4.7,84.2,81.9,53.1,78.5,15.6
5.9,15.1,83.0,79.4,52.5,76.9,15.0
0.0,3867.8,,,,,
6.4,17.6,86.0,79.2,61.5,79.8,13.1
0.0,186.7,86.1,77.5,63.5,77.8,12.2
2668.7,2527.7,85.4,74.0,50.5,80.1,13.5
761.7,0.0,88.4,74.9,62.0,77.6,9.9
10583.9,0.0,87.5,75.5,58.6,77.4,10.5
1548.8,2142.9,86.8,73.6,55.6,81.4,11.0
1440.1,1910.2,89.9,75.5,63.7,83.2,9.3
1831.0,0.0,85.8,71.9,57.3,76.2,10.6
2159.5,5356.6,89.6,76.5,60.5,83.4,10.3
0.0,4950.6,89.6,77.7,59.2,83.7,10.8
0.0,5772.9,90.1,76.3,63.8,83.4,9.4
0.0,4672.2,90.2,78.4,60.7,84.2,10.7
0.0,3481.3,89.2,77.4,58.4,83.1,11.2
3188.2,0.0,79.9,67.9,44.0,73.3,13.7
10401.3,0.0,81.5,68.2,47.7,73.8,12.8
5623.5,0.0,85.4,74.4,54.0,77.1,9.6
25162.2,0.0,87.0,76.0,54.7,80.3,12.7
13476.3,0.0,82.9,73.1,47.0,77.3,12.7
0.9,14.1,,,,,
5.2,7.8,,,,,
4.4,16.0,,,,,
6.0,14.3,,,,,
1.5,7.6,,,,,
4341.3,0.0,84.3,74.7,50.9,76.8,11.3
1618.6,0.0,89.3,76.4,65.2,78.6,7.6
8485.2,1558.4,85.1,74.5,52.2,77.5,11.8
4911.7,0.0,81.8,66.4,50.6,72.8,10.3
13117.1,0.0,81.7,63.8,51.9,71.8,10.4
5350.6,4357.0,89.5,77.0,63.2,80.3,9.3
14225.4,0.0,83.1,71.2,50.6,74.9,11.0
3344.6,0.0,85.6,73.9,53.7,77.4,12.0
1077.0,0.0,90.7,79.9,66.3,81.5,9.1
1693.9,0.0,87.3,75.3,58.5,77.4,10.9
9880.1,0.0,83.6,74.6,48.1,76.8,13.4
12188.6,0.0,82.3,75.4,43.1,76.7,15.9
2238.3,0.0,79.7,66.8,44.8,73.7,13.0
2012.7,4425.8,90.6,79.4,60.0,84.5,11.3
1807.5,4486.3,90.0,76.7,62.7,83.6,9.8
1866.3,0.0,87.0,76.1,56.1,79.4,11.5
1726.5,8117.0,89.7,77.8,59.3,84.1,10.8
30.3,178.3,84.1,78.4,57.1,78.7,13.4
0.9,11.2,86.5,76.9,63.9,78.5,11.2
139.2,0.0,,,,,
3717.3,0.0,83.7,70.8,53.1,75.8,11.3
1177.0,5527.7,90.1,77.4,61.2,83.7,10.5
1514.1,0.0,79.9,67.0,45.9,73.1,12.6
697.8,3228.2,89.1,77.5,57.7,83.5,11.4
2888.2,0.0,84.3,71.3,53.6,75.7,11.5
0.0,18.2,,,,,
10558.4,0.0,,,,,
2197.3,0.0,,,,,
0.0,51.7,,,,,
8850.4,0.0,,,,,
9692.7,0.0,,,,,
13114.5,0.0,,,,,
13954.7,0.0,,,,,
13574.8,0.0,,,,,
8847.6,0.0,,,,,
0.0,12.3,,,,,
6464.3,0.0,78.8,66.3,41.4,72.8,14.5
2472.5,4913.4,86.6,73.6,54.7,80.6,11.3
538.3,0.0,88.0,75.9,57.4,79.1,10.9
1042.2,0.0,84.9,70.5,54.6,76.0,11.3
1622.7,0.0,84.5,72.8,53.7,75.9,11.6
967.9,0.0,85.7,73.4,54.1,77.3,11.9
3946.8,0.0,83.7,69.9,53.2,75.2,11.1
335.6,0.0,84.8,70.6,55.0,75.7,11.3
2295.5,0.0,88.9,74.6,66.5,78.2,9.3
2273.7,0.0,87.7,71.2,67.1,76.7,8.3
498.3,0.0,85.8,75.4,53.5,77.3,12.1
1067.2,0.0,85.3,72.3,54.4,76.2,10.6
4339.0,0.0,83.8,71.5,51.6,76.7,12.1
2764.0,0.0,85.3,71.5,54.7,76.6,10.7
5577.6,0.0,84.9,70.6,55.0,75.6,10.4
5983.8,0.0,86.0,72.4,55.0,77.3,11.7
2843.2,0.0,86.4,71.8,56.8,77.3,11.0
2446.4,3550.1,85.6,72.6,53.9,78.6,11.6
648.4,4445.0,,,,,
3077.5,6071.3,87.2,73.3,58.8,78.8,10.7
0.0,7041.9,87.5,74.0,58.0,79.4,11.0
1069.4,0.0,87.2,74.8,55.9,80.2,11.5
1736.1,2039.9,84.5,74.0,49.0,78.9,13.2
2366.3,2627.1,85.9,74.1,52.0,80.5,12.4
6911.0,0.0,,,,,
3414.5,9894.3,,,,,
3826.0,11010.7,,,,,
3880.3,0.0,,,,,
3346.6,2595.3,87.5,76.0,55.2,82.4,11.7
4248.5,6059.8,88.1,75.6,56.3,81.8,11.3
4017.7,4216.7,86.5,76.9,50.1,82.1,13.4
0.4,5.6,,,,,
5.4,0.0,,,,,
1520.6,5182.5,86.3,77.2,49.1,81.8,13.7
1154.0,5252.5,88.5,76.0,59.0,81.6,10.7
3585.4,0.0,87.1,73.3,60.4,76.3,9.2
4979.9,0.0,87.5,74.1,57.4,80.7,10.7
3712.9,0.0,88.4,74.8,57.8,81.4,10.9
1011.7,0.0,83.8,72.9,48.9,78.5,12.9
0.0,4.9,88.2,79.1,67.1,78.1,11.6
0.3,15.0,87.2,76.4,66.2,76.6,11.3
0.0,15.1,88.3,77.8,67.6,77.4,11.4
18.3,0.0,88.0,74.4,60.1,79.1,10.2
518.2,0.0,91.4,77.4,66.7,84.0,8.9
1109.1,0.0,92.7,80.7,67.6,85.6,9.5
208.1,0.0,91.3,78.8,64.1,84.5,10.1
197.9,0.0,92.2,80.1,66.6,85.2,9.4
49.7,0.0,91.2,77.4,65.1,83.9,9.5
114.9,49.3,80.7,74.5,56.3,75.9,13.3
1257.8,0.0,89.9,78.3,60.1,83.9,10.9
3154.1,5936.3,87.3,75.9,54.8,81.6,11.8
1024.6,0.0,89.8,77.0,60.7,83.6,10.3
2539.7,4966.3,89.1,75.1,63.0,82.3,9.6
413.4,0.0,87.8,74.0,62.6,77.0,9.1
583.1,0.0,89.0,77.1,58.7,83.2,10.8
1265.6,0.0,89.7,78.0,62.0,83.2,10.1
4134.7,6415.8,87.1,74.2,56.6,79.8,11.1
3441.6,5057.1,85.8,74.9,52.8,79.2,12.2
2900.4,7080.2,89.4,77.2,58.8,83.6,11.1
449.0,5033.4,89.4,77.2,58.5,83.4,10.8
2993.6,0.0,90.8,78.0,63.3,84.3,9.9
1271.7,0.0,92.9,80.4,70.3,85.6,8.4
2540.0,0.0,87.1,72.7,64.0,76.5,10.5
500.7,4559.9,90.5,78.5,61.2,84.1,10.7
2199.5,0.0,86.2,72.7,61.5,76.5,10.9
3013.1,0.0,87.1,72.3,63.4,76.4,10.5
1558.4,7204.5,87.7,72.4,62.0,77.5,9.9
3048.5,6220.1,85.9,73.3,54.4,77.6,12.0
1509.8,6592.0,87.2,73.2,60.1,77.3,10.6
1586.9,0.0,90.5,78.0,62.4,84.1,10.2
14260.1,0.0,,,,,
32865.5,0.0,,,,,
328.0,0.0,,,,,
11256.9,0.0,,,,,
20740.0,0.0,,,,,
0.0,600.8,86.4,74.0,66.7,76.4,10.4
40.1,237.2,85.2,79.1,64.3,82.4,14.4
0.0,7.0,85.7,76.3,61.1,78.1,13.9
1366.4,0.0,84.2,71.3,59.4,75.0,12.4
8308.9,0.0,83.8,71.4,58.3,75.6,12.9
6364.2,0.0,83.1,70.6,55.4,75.9,13.3
8717.2,0.0,84.1,72.3,57.1,75.7,13.2
7192.4,0.0,82.7,70.8,54.7,74.9,13.8
3913.1,0.0,83.4,74.7,52.5,77.3,15.1
45.5,0.0,87.0,74.0,70.6,76.7,9.4
1442.1,0.0,89.5,72.9,77.2,77.0,7.8
0.0,393.5,,,,,
0.0,547.8,70.3,58.5,65.4,71.3,8.0
0.0,313.6,87.3,78.2,67.2,76.9,11.2
13.3,21.7,88.9,76.6,72.2,76.6,10.0
0.0,356.9,90.4,73.4,77.2,74.1,7.8
0.0,218.7,91.3,76.3,77.9,75.6,8.1
0.0,14.7,89.4,80.3,68.7,78.2,12.0
0.0,32.8,,,,,
0.0,34.9,,,,,
0.0,5483.6,,,,,
0.0,1582.7,,,,,
0.0,36.4,90.9,76.8,76.6,75.9,8.6
0.0,94.0,91.6,75.5,79.2,75.6,7.7
0.0,2943.7,,,,,
0.0,319.7,86.4,78.2,63.2,78.5,12.4
4659.0,0.0,84.4,70.1,55.3,76.0,11.2
9076.1,0.0,82.0,69.6,49.6,73.8,10.3
8202.9,0.0,84.8,73.0,53.5,75.8,10.6
1574.0,0.0,83.7,72.1,49.8,75.9,11.9
2890.3,0.0,83.2,70.8,51.5,74.9,11.6
1637.1,0.0,88.4,76.9,57.3,82.7,11.2
1334.1,3929.6,88.7,77.8,57.9,83.3,11.2
1139.9,0.0,92.3,80.2,67.1,85.5,9.3
11552.4,0.0,83.1,71.5,49.6,74.6,12.4
88.8,0.0,87.3,71.5,62.0,76.4,9.4
5282.5,0.0,85.9,72.1,54.8,77.6,11.6
4297.4,6191.3,87.8,73.6,61.4,79.8,9.6
2531.8,0.0,87.4,76.2,54.1,82.1,12.1
1074.3,0.0,91.8,80.0,64.6,85.2,9.8
3863.8,0.0,88.0,74.5,62.5,77.7,9.8
2276.5,0.0,83.6,71.2,51.9,75.2,10.6
3096.0,0.0,85.3,69.0,57.9,74.3,9.8
37.7,164.1,85.4,77.8,67.5,81.8,12.9
0.0,10.7,72.0,34.6,75.3,68.2,4.6
6.5,227.6,89.7,79.3,71.4,79.5,10.5
0.0,112.4,89.3,74.2,72.6,77.9,8.9
0.0,130.0,89.5,77.7,77.4,82.8,9.3
1546.9,0.0,85.3,78.6,47.7,77.5,11.7
5500.9,0.0,85.7,71.4,57.4,75.0,8.5
6691.0,0.0,84.1,70.6,55.1,75.8,10.3
3567.3,0.0,87.2,76.5,63.1,78.0,10.1
3218.7,4480.3,86.9,78.5,50.4,82.7,13.7
1904.4,0.0,86.4,72.2,58.9,76.3,10.7
3138.4,7805.0,88.9,76.2,58.8,83.1,10.7
0.0,333.4,89.2,72.5,79.1,81.2,8.3
3.5,21.4,86.6,78.5,63.5,77.9,13.2
0.0,98.8,88.8,76.5,71.9,78.1,9.9
0.0,3.5,92.3,78.2,78.7,77.1,8.0
0.0,101.1,90.1,77.8,74.4,75.9,8.9
0.0,428.7,89.2,76.5,73.3,74.9,9.2
0.0,54.9,91.3,78.3,77.2,76.6,8.5
4054.1,0.0,86.0,71.0,56.4,76.6,11.1
5692.8,0.0,85.8,71.3,57.1,76.3,10.5
5127.8,0.0,84.2,73.7,50.9,77.0,12.7
1472.2,6031.6,90.1,77.7,61.4,83.9,10.3
508.1,0.0,86.9,75.3,56.4,78.2,10.8
1362.5,0.0,89.6,77.2,60.7,83.0,10.5
3398.3,0.0,90.5,79.5,60.5,84.7,10.9
674.6,0.0,91.8,78.7,66.6,84.7,9.3
9521.3,0.0,77.5,66.2,40.0,72.0,14.4
2724.7,0.0,87.1,73.7,65.2,76.9,8.8
2261.6,0.0,83.9,69.3,53.9,75.3,10.6
354.7,0.0,84.1,73.3,51.5,75.5,10.6
737.0,0.0,84.7,75.4,51.5,76.2,10.6
5838.7,0.0,84.1,69.9,53.4,75.4,11.7
5362.0,0.0,85.0,69.4,56.2,75.5,11.1
3429.5,0.0,86.1,70.1,59.2,75.5,10.2
7540.8,0.0,85.3,70.3,57.0,75.2,10.4
682.3,0.0,86.9,71.9,61.0,76.3,10.0
4574.9,0.0,86.4,72.2,57.6,76.4,10.9
3430.7,0.0,86.9,72.4,60.2,76.8,10.3
3763.2,0.0,85.5,71.0,56.7,76.0,11.1
3229.1,0.0,85.7,73.2,55.9,77.0,11.7
4212.5,0.0,84.5,70.3,53.7,75.5,11.9
5488.1,0.0,86.7,72.8,59.4,76.6,10.7
1963.4,0.0,85.8,71.4,57.4,76.5,10.9
981.3,0.0,89.5,77.0,59.8,83.4,10.7
3383.0,2740.5,87.3,75.4,54.9,81.7,11.8
10521.2,741.2,84.2,74.2,50.1,77.1,12.0
7583.4,0.0,83.2,70.8,49.8,75.6,11.9
1161.8,0.0,90.8,77.2,71.1,79.3,9.3
4061.9,0.0,82.2,70.2,46.5,74.9,14.1
1396.6,0.0,91.4,79.8,62.9,84.8,10.4
10196.1,0.0,88.5,72.8,63.6,77.0,9.5
3455.1,6820.2,86.9,74.2,57.2,79.5,11.0
6003.9,0.0,83.8,71.8,52.8,76.1,11.3
5893.0,0.0,86.1,74.2,58.1,76.2,8.6
1453.9,0.0,87.6,73.4,65.5,76.9,10.1
2975.8,0.0,86.0,72.5,56.6,76.4,11.0
5518.8,0.0,84.1,73.6,52.5,76.5,10.9
668.9,4245.0,89.4,75.7,60.7,82.8,10.0
1253.4,0.0,92.8,80.3,68.6,85.4,9.0
10948.5,0.0,89.3,76.6,62.0,78.6,11.2
5925.0,0.0,87.0,75.3,57.9,77.5,11.2
2441.0,4586.2,89.5,76.6,59.8,82.9,10.3
902.0,2911.5,90.3,77.1,63.0,83.5,9.8
1324.9,0.0,84.9,70.3,56.9,74.6,9.1
4766.7,0.0,83.3,68.7,52.0,75.3,11.2
11687.9,0.0,79.7,62.5,47.9,71.7,11.5
2332.3,0.0,88.7,77.2,60.7,78.3,9.5
0.0,112.8,92.0,77.2,80.6,76.4,7.4
0.0,67.4,92.6,77.3,80.8,76.9,7.5
0.0,48.3,83.6,65.1,59.1,74.6,11.0
0.0,139.2,94.9,86.7,79.0,83.8,9.9
3.6,2.6,87.3,78.5,70.5,82.3,11.9
193.3,0.0,86.6,81.5,67.5,83.6,13.4
14.5,128.3,88.2,75.2,70.6,77.5,10.0
14930.3,0.0,81.3,73.5,47.4,77.0,15.7
10545.8,0.0,84.0,77.3,50.1,78.6,16.9
36539.0,0.0,79.5,66.7,49.8,73.5,14.0
34354.4,0.0,78.3,68.1,46.1,73.3,15.7
13154.4,0.0,79.8,72.1,45.1,76.1,16.9
1174.8,0.0,87.8,74.0,65.9,76.8,11.7
8486.2,0.0,81.2,73.2,48.3,77.5,16.2
5064.2,0.0,82.1,75.2,47.7,77.9,16.7
19835.9,0.0,83.0,72.8,51.4,77.2,14.7
26346.3,0.0,81.6,68.8,51.6,75.9,14.0
17960.3,0.0,81.3,70.0,50.5,76.1,14.3
16733.1,0.0,88.0,75.0,61.8,79.5,11.5
25707.1,0.0,82.2,69.9,55.1,74.4,12.5
19062.9,0.0,81.2,70.5,50.1,75.5,14.7
0.0,39.9,,,,,
6654.9,0.0,82.9,70.0,55.8,74.5,12.3
1287.0,0.0,84.2,68.3,62.2,74.5,11.0
317.0,0.0,80.5,74.2,44.2,77.1,18.3
306.2,0.0,88.9,75.3,66.4,80.4,10.7
31103.8,0.0,77.7,72.9,39.1,77.6,19.4
2.4,7.3,87.1,79.9,68.2,76.4,12.3
4773.6,0.0,,,,,
0.0,81.6,,,,,
33.3,0.0,,,,,
0.0,364.7,,,,,
10.3,0.0,,,,,
3339.7,0.0,,,,,
3364.1,0.0,75.4,68.9,34.6,69.1,14.8
11.7,2.4,84.9,79.2,56.5,77.4,12.4
3.8,13.8,83.5,78.8,53.4,76.9,13.2
1.5,0.7,84.9,78.2,57.7,76.9,11.9
0.0,127.7,88.0,75.4,70.6,76.7,9.6
0.0,497.7,90.7,75.9,78.3,75.3,7.7
390.7,0.0,88.0,77.1,69.5,74.9,9.8
518.9,0.0,89.9,76.8,73.2,76.2,8.6
3.0,3.4,84.5,75.9,61.7,76.9,12.3
0.0,1165.2,89.5,79.0,77.9,83.3,9.3
303.5,0.0,82.6,76.1,54.9,77.1,14.1
116.1,0.0,83.0,79.6,58.1,78.4,14.0
0.0,453.4,86.6,75.7,66.8,76.9,11.1
5429.6,762.8,68.0,62.9,46.0,70.8,14.9
2730.2,0.0,83.4,72.1,54.9,71.7,12.6
14566.7,0.0,83.2,72.7,53.5,71.6,13.2
1927.8,0.0,87.0,71.7,66.8,72.2,9.3
2813.7,0.0,80.9,72.3,50.5,70.7,14.2
11062.0,0.0,83.2,78.2,48.3,74.0,16.3
17876.5,0.0,83.3,72.4,54.7,71.7,13.1
31589.3,0.0,84.6,73.0,57.0,72.1,12.4
0.0,151.2,91.5,77.7,77.7,78.3,7.9
0.0,427.8,91.4,78.3,76.3,78.3,8.4
24787.0,0.0,83.3,72.9,52.8,71.8,13.7
23835.6,0.0,82.4,71.6,51.7,71.0,13.8
5038.2,0.0,87.3,69.8,66.3,71.6,9.4
33.9,0.0,83.4,78.3,44.8,75.2,18.3
1490.9,0.0,76.4,74.6,48.2,80.0,17.8
0.0,549.6,89.1,77.1,72.4,78.4,10.0
3.1,46.7,87.6,76.0,69.7,77.5,10.6
0.0,3035.2,87.0,75.8,68.6,76.0,9.0
0.0,3100.5,88.3,77.8,70.5,77.0,9.0
0.0,575.8,90.3,76.5,75.3,77.1,8.4
2.0,0.0,85.5,75.5,64.5,77.0,11.3
0.0,18.8,83.7,74.7,59.7,76.2,12.7
0.0,1430.6,87.6,79.6,64.7,77.6,10.8
0.0,359.2,91.7,77.4,78.0,78.2,7.8
1360.7,444.2,63.7,56.9,39.7,69.3,16.1
29.1,28.6,86.3,79.7,66.1,79.8,12.3
5.8,1.1,81.3,75.8,58.9,77.5,13.1
1151.0,0.0,84.8,74.5,59.4,75.9,9.9
0.0,4154.9,88.2,77.0,69.8,76.7,9.0
0.0,4852.7,87.7,78.4,67.4,77.2,10.0
0.0,751.5,59.2,22.2,58.3,63.5,7.0
5.3,20.7,87.7,75.2,67.7,72.3,10.0
0.0,556.4,64.8,30.0,61.7,63.8,5.7
0.0,31.8,82.5,72.7,65.8,70.6,9.7
0.0,1901.7,89.9,80.6,70.5,78.9,9.5
1507.5,0.0,86.1,77.3,63.4,76.1,10.1
571.9,0.0,87.0,78.5,65.6,76.9,9.3
0.0,3377.2,87.3,77.7,66.5,76.6,10.2
1781.3,0.0,87.8,79.3,65.8,77.5,9.2
1130.5,0.0,83.9,74.0,59.0,75.2,10.3
2939.3,0.0,90.4,73.8,72.9,74.3,8.3
34015.7,0.0,83.6,72.9,53.4,71.5,13.6
14436.2,0.0,84.6,73.3,58.4,73.0,11.6
3.4,7.6,84.7,77.2,60.9,77.8,12.1
3.9,12.7,83.1,74.0,58.8,76.9,11.5
6.7,14.8,85.0,77.2,60.7,77.8,12.2
0.0,13.6,87.3,77.4,66.3,77.3,10.8
5679.1,0.0,,,,,
217.6,0.0,,,,,
2552.8,0.0,,,,,
661.9,0.0,,,,,
435.7,0.0,,,,,
0.0,620.2,,,,,
0.0,153.8,,,,,
0.0,317.9,,,,,
1217.9,0.0,,,,,
3033.9,0.0,,,,,
1390.5,505.2,,,,,
75.9,3500.0,87.9,78.9,67.4,77.4,9.8
52.3,0.0,90.8,77.3,76.4,77.5,8.6
0.0,8.6,79.0,75.2,66.2,79.2,10.4
0.8,7.7,85.9,80.3,66.2,81.3,12.3
1.1,5.5,79.9,75.8,56.9,79.1,13.3
2741.2,0.0,82.1,80.6,40.9,72.7,13.8
13516.2,0.0,87.2,67.5,66.2,73.9,7.8
0.0,15.2,90.0,79.9,72.1,80.6,9.7
248.6,0.0,83.0,78.0,54.1,76.5,12.7
634.3,0.0,79.5,77.3,47.6,75.9,14.3
12010.8,0.0,85.5,72.7,62.4,72.1,10.6
13892.1,0.0,86.5,74.3,61.2,73.2,11.2
6723.9,0.0,81.5,70.4,51.3,76.3,14.4
5265.8,0.0,83.2,72.4,52.5,76.7,14.9
0.0,129.8,91.6,78.1,77.1,76.6,8.6
2126.5,0.0,76.8,76.8,41.0,78.5,17.1
96.4,400.0,84.1,79.4,54.9,79.1,14.3
5.9,21.8,89.4,79.3,68.8,80.3,10.3
3.1,11.9,86.4,77.5,62.2,78.7,11.8
4.4,18.7,87.9,77.3,67.0,78.9,10.4
3.2,9.5,85.4,77.4,59.2,78.3,12.8
0.0,496.0,89.9,77.9,78.7,83.2,8.7
22.8,270.4,88.9,77.1,69.8,79.4,9.5
674.4,0.0,75.8,77.5,37.7,78.1,20.3
4740.2,0.0,84.3,70.3,52.8,73.4,11.3
5512.2,0.0,83.6,71.9,48.5,73.3,12.5
3093.7,0.0,85.3,69.8,57.3,73.4,10.2
12000.7,0.0,83.8,70.8,51.1,73.3,11.7
10612.7,0.0,84.2,71.4,52.6,73.5,11.3
10606.0,0.0,84.9,70.6,55.4,73.2,10.4
11263.0,0.0,82.3,70.9,48.3,72.5,11.2
4994.6,0.0,85.1,73.1,51.2,76.1,11.8
10894.7,0.0,83.2,73.9,44.3,77.6,13.8
4594.6,0.0,84.0,73.0,49.2,75.8,11.5
7114.9,0.0,82.7,74.1,42.1,75.5,14.3
6069.8,0.0,82.0,72.0,46.4,72.9,11.4
19413.1,0.0,81.5,76.5,39.7,77.5,17.0
754.5,0.0,91.5,81.4,66.1,81.8,12.1
2527.5,0.0,84.8,72.2,49.3,78.4,11.8
19411.1,0.0,79.9,76.4,34.7,78.2,18.7
1306.3,0.0,83.0,76.6,44.3,76.8,15.3
7096.6,0.0,80.0,74.1,48.2,73.4,14.1
7473.4,0.0,88.7,78.8,66.4,76.9,10.0
2331.2,0.0,86.3,76.8,62.6,75.3,10.8
5342.4,0.0,89.5,74.7,61.9,79.5,9.2
4947.2,0.0,80.3,71.1,41.3,76.8,14.6
4723.2,0.0,85.4,75.4,48.7,78.0,13.1
8664.3,0.0,84.9,70.5,54.8,75.6,10.3
3289.2,0.0,89.6,77.8,60.3,83.4,10.8
1689.3,0.0,87.7,76.0,56.3,81.7,11.5
193.2,0.0,,,,,
5089.4,0.0,,,,,
502.3,0.0,89.7,75.8,62.5,82.3,9.9
548.1,0.0,88.8,74.8,67.1,77.8,9.7
5219.1,0.0,91.5,78.3,70.0,80.2,9.9
266.7,0.0,89.0,75.0,68.5,78.0,9.7
2903.0,0.0,88.0,77.0,62.7,78.6,11.7
176.8,0.0,91.5,79.9,63.3,85.1,10.3
910.0,4890.1,91.2,79.0,64.3,84.6,9.8
591.5,231.6,83.7,72.1,48.7,78.2,13.2
3239.7,0.0,84.1,77.5,46.0,76.8,11.7
340.9,0.0,85.6,71.9,57.0,76.6,11.2
648.9,3082.3,89.2,76.7,66.4,78.6,10.9
11.8,12.2,82.8,75.4,58.3,76.3,13.0
1939.7,0.0,87.7,74.2,59.7,78.5,10.3
2073.8,0.0,87.9,75.3,60.5,78.8,9.6
1438.1,0.0,88.9,74.5,60.7,82.2,10.0
1058.1,0.0,90.6,76.6,71.5,79.1,9.4
0.0,8.2,,,,,
0.7,10.1,,,,,
2025.6,0.0,88.3,75.8,56.0,82.6,11.7
0.0,22.7,86.8,75.9,67.6,76.4,10.0
122.6,496.1,84.8,75.6,63.4,76.2,10.8
3196.9,0.0,88.0,71.6,65.2,76.5,9.7
0.0,15.4,84.6,76.7,63.3,77.3,12.1
1436.2,0.0,85.8,72.1,60.3,76.3,10.9
1558.9,0.0,90.2,77.7,69.3,79.4,10.2
365.7,0.0,90.2,76.5,70.5,78.9,9.5
1196.0,4391.4,90.0,76.5,61.5,83.2,10.2
599.6,3984.6,90.6,78.6,61.8,84.3,10.2
1490.1,0.0,88.7,75.8,63.7,77.9,8.9
3009.7,6712.6,89.8,76.2,61.0,83.2,10.1
2.2,11.1,87.8,77.5,66.2,77.2,12.0
7308.7,0.0,,,,,
3.8,9.7,86.6,77.7,62.6,76.9,12.7
1431.9,0.0,,,,,
891.6,0.0,,,,,
3729.0,0.0,,,,,
10565.3,0.0,,,,,
4661.6,1565.6,,,,,
4644.9,6551.5,,,,,
5287.2,2578.4,,,,,
3173.0,0.0,,,,,
658.1,4903.1,,,,,
0.0,1138.6,,,,,
536.0,6581.0,,,,,
7882.4,7495.7,,,,,
8102.5,0.0,,,,,
3846.8,5185.7,,,,,
720.3,0.0,87.8,75.0,62.4,77.7,9.5
997.9,4584.0,88.6,75.6,58.8,83.0,10.6
436.2,0.0,89.5,77.3,66.2,78.8,8.9
478.0,0.0,90.3,77.3,68.1,78.7,8.2
639.6,0.0,88.4,77.2,59.7,78.7,9.5
351.9,0.0,89.4,79.6,64.1,79.6,9.8
111.9,0.0,91.4,77.5,72.3,79.6,7.6
1092.5,0.0,81.3,66.4,74.7,78.7,7.4
0.0,38.6,88.5,78.1,74.1,82.6,10.8
5328.3,717.7,,,,,
6314.2,0.0,,,,,
0.0,154.1,,,,,
0.0,848.4,,,,,
1253.8,2555.7,,,,,
9339.1,546.8,,,,,
4117.4,775.1,,,,,
3536.4,2664.0,,,,,
1224.6,1036.9,,,,,
1671.8,1575.5,,,,,
0.0,12.5,,,,,
1276.7,0.0,90.9,76.5,72.4,79.5,8.3
648.1,0.0,89.0,73.3,67.4,77.6,8.7
1817.0,0.0,90.6,77.9,69.1,80.1,8.4
2217.8,6985.8,87.9,76.4,57.5,82.1,10.8
1915.8,4023.9,89.1,77.2,59.5,82.2,10.8
0.0,432.2,87.8,73.6,62.8,77.2,8.9
15411.0,0.0,78.6,62.4,45.5,71.7,12.1
0.0,652.4,88.6,78.8,57.9,80.9,11.5
1642.2,5944.4,88.5,73.8,62.7,78.9,9.3
1695.9,0.0,,,,,
14619.3,0.0,,,,,
0.0,11.6,,,,,
923.9,0.0,,,,,
19099.2,0.0,,,,,
671.7,0.0,,,,,
6635.3,0.0,,,,,
8749.7,0.0,,,,,
8039.0,0.0,,,,,
2246.9,0.0,,,,,
2072.1,0.0,,,,,
1572.7,5498.3,,,,,
972.4,0.0,,,,,
11055.3,0.0,,,,,
26816.3,0.0,,,,,
357.5,0.0,82.7,75.1,64.0,81.7,12.1
890.6,0.0,86.8,75.7,58.3,77.2,9.8
749.5,0.0,87.8,77.5,62.8,78.4,9.3
0.0,3601.0,91.0,78.9,68.1,80.4,8.9
0.0,4234.2,87.1,73.4,59.3,78.2,10.3
1003.2,0.0,90.2,77.8,69.3,79.4,10.2
2371.5,6611.9,87.8,73.8,58.4,80.9,10.2
616.9,0.0,89.9,79.7,64.8,79.8,9.6
475.6,0.0,89.2,78.5,63.0,79.0,9.0
2006.9,0.0,85.7,80.7,56.1,87.2,14.7
324.8,0.0,86.2,75.2,73.7,81.3,9.8
635.2,0.0,83.2,74.7,64.5,81.8,11.8
0.0,4728.5,87.7,80.8,62.5,80.5,11.8
720.9,0.0,90.6,79.3,67.4,80.0,10.2
1.2,0.0,87.6,78.4,71.1,82.4,11.9
255.0,729.8,86.7,75.5,73.0,81.2,10.4
1630.8,0.0,84.9,70.4,54.3,78.4,11.5
5.0,17.2,,,,,
0.0,137.0,,,,,
1.9,10.9,,,,,
2.5,15.9,,,,,
2.1,36.5,,,,,
2.6,13.1,,,,,
890.5,0.0,86.7,76.1,56.5,77.1,10.0
3052.2,0.0,82.2,75.3,42.6,75.6,12.6
1912.9,0.0,88.4,76.4,61.8,77.7,9.2
543.0,0.0,87.7,75.0,62.8,77.4,9.1
276.0,0.0,87.0,76.7,74.8,81.8,9.8
76.1,0.0,,,,,
1304.2,0.0,,,,,
158.4,0.0,82.7,73.8,68.1,80.1,11.1
567.0,0.0,82.3,75.6,62.4,80.5,13.5
73.9,0.0,79.2,79.4,48.9,81.9,19.1
0.0,1199.8,62.4,26.8,64.1,71.7,6.2
0.0,75.7,86.3,77.5,67.8,79.4,10.2
0.0,4.8,84.2,76.1,60.3,78.0,12.2
0.0,38.0,87.7,77.6,68.1,76.5,11.4
5.1,16.3,88.2,77.7,68.8,76.9,11.3
0.0,8.4,84.4,71.7,61.1,74.2,10.9
3.8,0.0,88.5,77.8,69.8,76.7,11.0
5.4,44.7,89.3,76.8,74.7,77.0,9.0
63.2,176.9,84.1,78.0,55.1,76.2,15.1
17.2,0.0,87.3,77.4,66.9,76.3,11.8
1.7,13.4,,,,,
0.0,22.2,,,,,
0.0,1593.9,,,,,
0.0,138.3,,,,,
0.0,20882.3,,,,,
0.0,3335.5,,,,,
0.0,708.9,90.4,78.9,73.2,78.2,9.8
0.0,67.5,89.2,75.6,72.8,76.5,9.4
0.0,701.0,89.0,76.2,72.4,76.5,9.5
0.0,327.1,92.0,78.1,78.4,78.5,8.0
0.0,48.2,91.2,77.6,78.2,78.1,8.0
157.6,0.0,88.5,78.2,69.7,77.3,9.2
2492.8,0.0,85.7,75.4,52.3,77.3,12.7
0.0,6135.0,,,,,
5158.0,0.0,86.5,70.9,64.0,72.2,10.3
450.7,0.0,83.6,80.9,59.5,82.8,16.1
1673.9,0.0,77.3,74.6,52.8,80.7,15.4
1159.3,0.0,79.2,75.2,53.0,81.3,16.0
2.0,76.2,85.2,73.9,63.6,74.6,11.6
323.4,0.0,87.4,74.9,71.1,75.9,8.3
1271.9,0.0,87.8,79.0,65.8,77.6,10.3
0.0,3001.5,89.1,78.9,70.9,77.9,9.1
0.0,2434.5,89.8,80.7,71.6,79.0,9.3
0.0,249.9,90.0,76.3,74.3,77.2,8.8
1014.0,0.0,86.8,75.7,65.2,76.0,9.6
2574.8,0.0,81.9,73.8,48.9,77.7,12.6
343.5,0.0,79.3,75.0,41.7,77.1,15.3
0.0,103.5,85.5,74.5,62.8,73.5,11.2
0.0,490.8,91.4,83.2,71.2,79.6,11.2
0.0,74.0,92.9,78.3,81.0,77.4,7.5
2267.7,0.0,85.8,74.0,63.9,73.9,10.4
1191.1,0.0,89.4,80.4,69.0,77.4,10.6
3545.7,0.0,80.4,76.1,47.4,73.3,15.1
3.7,33.9,87.9,76.2,68.4,76.9,10.5
0.0,23.3,88.5,75.8,69.2,76.9,10.1
0.0,3.5,86.5,79.7,59.2,78.1,14.1
219.7,0.0,82.4,74.8,55.1,76.2,13.5
0.0,53.3,89.8,76.7,72.6,77.8,9.5
0.0,35.3,89.6,76.6,72.2,77.7,9.4
4.7,0.0,89.6,77.5,73.4,78.2,8.9
0.0,2100.6,87.5,75.8,69.7,75.9,8.7
0.0,3581.2,85.9,72.7,64.2,74.6,8.9
0.0,355.5,88.4,77.6,70.9,77.0,8.7
12.7,0.0,90.8,77.0,66.5,79.3,9.4
1075.7,0.0,90.4,74.8,67.5,79.9,8.2
573.9,0.0,88.5,73.9,59.7,78.3,10.2
2736.0,0.0,88.5,75.9,59.7,79.0,10.5
272.0,0.0,89.3,74.1,65.8,78.2,8.8
584.5,0.0,90.1,77.4,70.8,76.7,9.2
189.9,3311.6,90.8,76.9,73.6,76.6,8.5
998.6,0.0,89.0,73.4,62.1,79.8,9.0
4595.8,0.0,89.4,76.7,61.5,80.7,9.7
205.2,428.2,85.1,78.0,67.7,82.0,12.6
1109.3,0.0,89.2,72.3,67.2,77.8,7.3
6572.1,0.0,79.2,71.1,45.3,71.3,12.6
14290.4,0.0,77.0,69.6,44.4,70.8,14.4
9613.7,0.0,85.3,71.9,58.2,76.8,9.7
13328.7,0.0,76.4,75.7,44.5,73.0,16.5
23048.0,0.0,78.5,57.2,55.3,69.4,8.8
20824.0,0.0,75.2,76.2,43.2,73.1,16.2
16424.1,0.0,79.3,76.3,48.2,73.3,15.2
6581.7,0.0,82.1,73.4,53.1,72.7,12.1
856.1,0.0,85.0,75.0,55.8,73.4,11.0
3317.6,0.0,84.6,75.5,54.9,73.3,10.6
7182.5,0.0,86.2,76.3,57.7,74.3,10.3
1946.4,0.0,85.2,76.1,55.0,73.6,10.4
57.3,459.2,86.9,78.1,65.1,77.6,11.5
3.7,24.7,87.5,75.8,67.0,76.6,10.7
0.0,3919.8,92.4,83.0,70.6,80.8,10.7
1542.0,0.0,90.6,76.5,66.5,81.0,8.4
5098.9,0.0,89.0,74.4,62.8,78.8,8.9
1420.8,0.0,88.2,77.8,67.4,76.6,9.9
6503.8,0.0,86.2,77.4,59.6,76.3,11.0
3935.7,0.0,88.7,75.3,58.6,79.8,10.4
1384.1,0.0,88.0,76.1,57.5,79.5,10.8
2180.3,0.0,89.7,74.7,62.3,80.5,9.3
1926.3,0.0,88.6,73.6,61.5,79.5,9.3
2933.5,0.0,89.6,74.7,63.7,80.3,8.9
4649.7,0.0,88.9,74.7,59.7,79.6,10.1
2754.1,0.0,87.7,77.9,51.1,80.5,13.3
1468.2,0.0,89.0,75.9,59.2,80.7,10.2
1508.1,0.0,90.7,75.2,65.8,80.9,8.6
4339.1,0.0,89.7,75.6,61.5,81.0,9.7
4143.8,0.0,88.8,75.6,60.1,80.0,9.8
5433.5,0.0,89.4,74.2,62.3,79.6,9.2
1300.1,0.0,89.5,75.7,61.2,80.4,9.6
1858.6,0.0,90.2,76.1,63.1,80.7,9.1
1725.7,0.0,90.8,75.3,66.4,81.0,8.4
18.7,0.0,90.5,83.7,69.5,80.7,10.3
6714.9,0.0,86.7,76.0,57.6,74.2,10.0
3578.6,0.0,83.4,73.3,52.7,72.2,11.2
4334.0,0.0,84.0,76.6,50.4,73.8,12.8
11161.8,0.0,85.4,75.1,57.0,73.4,10.7
2479.1,0.0,86.0,76.0,56.8,74.1,10.6
1802.1,4310.3,85.6,74.6,58.8,73.7,10.1
8181.5,0.0,86.9,79.3,57.3,76.7,11.9
3985.4,3416.1,84.4,76.5,52.5,73.9,11.8
3593.8,0.0,87.0,77.7,60.9,75.8,10.8
1770.8,0.0,89.9,75.7,62.5,80.7,9.1
4175.2,0.0,86.0,74.9,59.2,73.8,9.8
2593.1,0.0,87.9,73.3,58.0,79.4,9.9
8155.3,0.0,87.4,76.4,54.5,80.2,11.3
3148.4,0.0,86.0,72.0,54.9,77.5,10.4
6256.5,0.0,87.4,76.4,55.0,80.2,11.1
4331.7,0.0,86.8,74.5,53.7,79.7,11.3
613.6,0.0,83.1,72.8,52.8,72.7,11.7
3560.2,0.0,87.3,76.2,61.7,75.2,10.1
744.0,0.0,86.2,78.0,45.3,80.6,15.0
2583.9,0.0,84.9,77.6,53.6,74.9,12.2
7568.3,0.0,84.2,73.4,48.3,77.8,12.8
1221.6,0.0,87.1,73.2,57.1,78.1,10.2
1566.4,0.0,84.2,67.4,58.5,72.8,9.3
3554.1,0.0,90.5,78.3,62.3,81.4,9.9
4278.0,0.0,89.3,76.7,59.4,81.2,10.3
5487.7,0.0,86.8,73.3,53.9,79.2,11.1
1748.1,0.0,88.6,74.5,63.1,79.1,8.7
1395.4,0.0,89.1,73.6,64.9,79.1,8.1
5192.5,0.0,86.0,78.2,50.8,77.3,12.2
8418.8,744.3,84.8,77.9,47.5,78.7,15.2
0.0,77.5,88.0,77.5,74.3,82.3,10.5
16311.6,5422.7,85.3,82.9,42.3,81.0,19.2
4460.8,0.0,85.9,73.5,55.0,77.6,10.8
2669.1,0.0,87.0,71.9,60.8,76.6,9.2
8123.5,3804.7,87.1,75.9,61.2,74.8,9.6
6223.4,0.0,84.4,73.2,53.1,74.7,11.7
900.3,0.0,85.9,73.7,55.3,76.4,11.2
3153.8,0.0,86.5,73.8,57.3,76.7,10.5
4171.9,0.0,86.8,75.8,59.2,74.2,10.4
2627.7,0.0,85.9,76.5,55.2,74.0,10.8
2175.8,3544.9,83.4,74.7,56.1,73.8,12.3
9041.6,0.0,86.0,71.4,56.4,75.3,10.5
2385.6,0.0,85.7,79.4,56.2,76.3,13.4
4463.7,0.0,84.1,70.9,53.3,73.6,11.8
3314.5,0.0,83.7,68.0,58.1,71.7,9.6
4694.8,0.0,82.4,60.1,61.7,70.0,7.7
8040.8,4093.9,86.0,75.9,57.2,74.3,10.6
1627.2,2677.6,89.7,78.0,66.2,76.6,9.6
5042.7,0.0,84.8,78.3,51.9,75.1,13.0
0.9,10.7,87.1,81.0,62.0,79.3,13.3
0.0,14.9,86.8,78.5,65.4,78.1,11.6
5.3,25.7,88.0,79.3,67.5,78.8,11.1
3.9,0.0,87.0,79.1,63.9,78.2,12.2
870.6,0.0,87.0,75.1,65.8,74.5,9.8
4080.5,5058.5,88.2,80.1,64.3,77.6,11.6
146.7,0.0,80.5,75.1,41.1,72.1,13.3
7037.6,0.0,83.1,71.6,48.9,73.4,12.7
7651.9,0.0,83.5,75.4,46.8,75.4,14.6
3848.1,0.0,91.4,78.7,64.8,82.1,9.6
9240.7,0.0,91.5,86.8,60.8,82.9,14.9
500.2,0.0,91.2,79.3,63.9,81.8,9.8
0.0,3304.8,91.2,80.7,69.9,78.8,10.1
256.7,7621.3,91.2,78.6,68.8,79.1,9.4
4268.0,0.0,84.2,76.9,50.6,73.9,11.4
1881.5,0.0,85.4,74.1,57.5,73.3,10.1
9251.2,0.0,85.8,77.2,57.0,75.0,11.4
1538.1,0.0,85.0,74.7,61.1,73.9,10.6
7482.4,0.0,84.0,74.8,58.8,73.8,11.5
3097.1,0.0,84.0,74.5,53.5,73.3,11.5
3172.0,0.0,88.3,76.0,71.8,75.5,8.3
4867.3,0.0,85.0,75.6,61.9,74.5,10.7
3559.2,0.0,86.5,76.2,59.8,75.3,10.5
4084.9,0.0,89.8,76.2,63.5,80.6,9.5
6420.9,0.0,89.4,75.7,60.5,80.7,9.9
984.3,0.0,85.1,74.0,63.8,73.7,9.8
0.0,7332.2,89.8,75.8,70.5,75.9,8.8
2225.7,4438.4,85.9,75.9,57.1,74.0,10.3
3938.8,0.0,85.3,75.7,47.1,79.6,13.2
4535.0,0.0,81.6,72.2,52.6,72.5,12.6
6649.6,0.0,82.8,75.2,58.1,73.7,12.0
4009.4,0.0,84.4,73.7,59.9,73.7,11.2
8560.1,0.0,81.4,71.4,54.8,72.3,12.0
11190.0,0.0,81.5,77.4,51.9,74.6,14.5
8085.0,0.0,82.4,77.2,54.3,74.4,13.6
8068.8,0.0,79.8,69.3,51.6,70.5,11.9
11151.9,0.0,81.4,72.8,49.6,72.3,13.2
8271.8,0.0,88.0,76.4,54.8,80.5,11.4
5981.7,0.0,88.1,75.0,56.3,80.1,10.8
1793.2,0.0,90.0,77.9,59.7,81.6,10.5
5400.9,4492.6,90.2,74.2,66.2,79.8,8.0
11711.6,0.0,83.6,72.9,55.9,73.4,11.6
1380.9,1025.5,88.4,77.2,67.0,76.0,9.3
6835.4,0.0,84.0,68.6,53.5,73.6,10.9
4848.7,6890.3,85.0,72.6,61.6,73.1,10.2
5039.3,1772.1,86.7,75.6,55.9,77.7,11.4
6343.1,0.0,88.0,78.2,64.6,76.9,10.7
0.0,7640.2,86.3,75.2,58.3,73.9,10.6
5248.3,0.0,87.5,76.6,61.0,74.8,10.0
5502.0,0.0,89.0,77.5,58.7,80.8,10.4
11062.0,0.0,87.3,76.3,53.3,80.2,11.8
6238.7,0.0,88.3,77.1,64.0,76.4,9.6
8846.7,0.0,85.3,74.6,57.2,74.3,10.6
2914.5,0.0,87.1,74.1,64.1,75.0,9.2
1276.0,0.0,84.6,71.9,58.4,72.5,9.2
4526.6,0.0,88.8,73.4,67.5,74.4,7.5
2849.7,2480.9,88.2,77.8,62.1,75.6,9.9
7439.8,0.0,87.3,76.4,62.3,75.1,10.0
5594.5,0.0,88.0,75.7,60.3,78.6,10.1
9493.8,0.0,87.7,76.6,55.9,80.5,11.1
8710.3,0.0,86.7,72.3,57.0,75.5,10.6
0.0,10447.3,89.5,73.1,69.8,75.7,8.1
7224.7,2236.0,88.8,86.5,45.8,83.5,19.6
15468.9,0.0,80.9,76.2,36.1,78.9,18.0
6576.7,0.0,84.7,70.0,53.3,73.2,11.3
1420.3,0.0,90.4,78.0,69.7,77.0,9.2
13990.6,6522.6,85.9,75.2,58.3,73.9,10.7
2594.1,4589.0,85.0,77.7,48.2,79.0,14.7
1928.7,0.0,87.4,74.6,57.1,78.5,10.6
713.6,0.0,79.1,67.9,44.9,70.4,13.2
3713.0,0.0,86.0,76.2,58.5,75.0,10.6
3779.3,0.0,89.1,82.4,54.1,82.0,14.1
1012.5,0.0,,,,,
197.7,0.0,,,,,
0.0,34.4,89.8,78.8,72.6,79.0,9.4
1.9,20.0,88.7,75.9,71.9,77.2,9.0
0.0,177.4,91.3,77.7,78.5,76.2,7.7
0.0,141.1,92.2,76.2,81.5,76.2,6.9
4415.2,0.0,86.9,77.0,60.0,79.8,11.1
4931.5,0.0,82.5,75.5,46.3,75.9,15.3
1498.8,0.0,87.7,79.6,58.8,80.7,12.1
1053.4,0.0,88.3,78.0,63.9,79.7,10.2
2.1,8.8,85.1,79.1,65.5,80.5,12.0
14.5,0.0,81.6,79.0,57.9,80.1,14.2
45.9,212.4,87.6,77.2,68.7,77.8,11.0
2249.8,0.0,81.1,74.3,48.7,75.5,14.3
579.2,0.0,89.0,78.3,65.6,79.4,10.2
13057.2,0.0,87.2,75.1,55.5,78.7,11.1
5.7,11.8,85.9,77.8,60.7,78.6,12.5
384.1,0.0,85.0,77.2,65.8,79.4,10.5
11250.8,0.0,85.5,73.0,55.0,77.7,10.7
22278.7,0.0,86.7,72.7,57.5,76.6,10.1
103.5,0.0,90.4,79.3,69.3,79.4,9.7
2381.5,3684.7,87.0,73.2,68.2,74.7,8.5
1010.2,0.0,87.3,75.8,60.9,74.5,10.0
11855.1,0.0,84.9,75.3,54.4,73.6,11.4
3063.6,0.0,87.3,77.7,62.4,76.1,9.8
1303.6,0.0,87.7,70.3,67.3,76.5,7.0
6097.1,0.0,84.8,70.7,56.3,75.9,10.1
8780.1,0.0,86.1,76.9,48.8,78.8,13.5
1058.6,0.0,86.9,77.5,57.1,74.8,9.4
0.0,4277.3,89.1,76.3,66.1,75.7,10.0
4280.2,0.0,84.7,74.6,48.2,79.0,13.2
7454.6,0.0,88.1,75.5,57.0,80.2,10.5
6289.7,0.0,88.0,71.6,65.8,75.6,8.0
298.1,0.0,89.8,76.0,64.1,80.3,8.7
14233.7,0.0,82.2,78.2,38.0,80.6,18.2
4969.3,0.0,86.9,73.5,60.2,77.4,9.3
7524.0,0.0,83.6,74.9,57.7,75.6,11.0
10746.5,0.0,86.3,73.6,55.4,76.5,10.7
5917.3,0.0,88.3,72.8,65.5,75.3,8.3
10284.1,0.0,82.8,67.2,56.9,71.2,10.1
6420.6,0.0,70.6,68.1,39.7,69.4,16.0
10742.0,1875.9,82.7,74.3,51.7,73.4,12.5
20326.1,0.0,73.3,73.0,41.6,71.5,16.3
14868.9,4717.9,83.8,77.7,51.7,75.2,13.1
23073.9,0.0,72.0,71.2,39.6,70.7,17.1
465.8,4436.6,89.4,74.9,64.3,78.6,9.4
20348.8,0.0,81.0,76.1,39.4,76.7,17.5
4913.5,0.0,87.1,82.8,51.6,78.4,15.0
3463.6,5230.0,88.3,77.2,64.1,76.2,10.1
10794.0,0.0,84.0,74.9,44.5,78.5,14.0
3103.9,0.0,80.3,73.7,48.6,72.6,13.7
6807.0,12665.9,86.2,74.0,60.5,73.1,8.8
16884.4,0.0,70.6,58.6,38.6,67.4,14.9
6840.0,2037.0,85.6,77.6,57.5,75.5,12.4
4575.5,10229.0,89.5,75.2,61.1,80.5,9.8
11241.2,0.0,84.5,75.7,52.1,73.4,11.7
3615.7,6349.1,88.9,78.4,67.3,76.8,10.0
19061.2,0.0,78.2,73.8,45.1,72.1,15.0
1247.4,0.0,83.5,74.6,42.3,79.0,15.1
22166.2,0.0,81.9,76.8,40.2,76.9,17.5
31615.3,0.0,78.0,76.0,38.5,73.9,19.0
0.0,7247.0,88.0,72.5,67.8,74.0,8.1
316.9,0.0,83.3,77.3,61.0,78.8,12.3
21615.9,0.0,76.9,74.2,36.3,77.6,21.7
5669.7,0.0,80.3,69.8,47.6,74.7,15.8
45610.7,0.0,78.8,68.6,46.0,73.7,16.3
16363.0,0.0,78.8,68.0,46.4,73.8,15.6
24632.1,0.0,81.7,69.7,52.7,74.5,14.2
22615.6,0.0,82.4,70.3,54.1,75.1,13.8
13132.3,0.0,83.5,71.9,52.3,77.3,14.4
19230.8,0.0,78.2,68.7,46.8,73.7,15.8
38056.7,0.0,80.5,69.5,50.2,74.2,14.8
8148.5,0.0,81.9,71.5,52.6,75.3,14.1
22076.0,0.0,80.0,71.0,46.9,75.4,16.1
8412.9,0.0,78.2,64.3,49.4,70.2,12.2
5563.2,0.0,78.1,78.5,37.1,74.3,21.4
4915.6,0.0,85.4,77.0,59.5,75.0,11.7
5832.9,0.0,83.4,55.0,65.9,68.9,6.6
1040.0,1273.5,88.4,76.0,67.6,75.5,9.2
6226.8,2034.2,86.5,75.5,62.7,74.7,10.3
0.0,7844.8,89.2,76.8,70.0,76.0,8.8
0.0,4988.5,89.7,76.9,69.0,76.3,9.2
8127.2,0.0,85.1,74.4,51.8,77.5,11.8
8074.1,0.0,85.5,75.3,56.6,73.9,10.9
3924.1,0.0,90.1,78.2,61.3,81.6,10.1
11993.7,0.0,84.4,78.3,41.8,80.3,16.9
9578.7,0.0,84.5,73.3,49.2,78.8,12.5
9986.5,0.0,85.5,78.0,46.6,80.1,14.4
9081.1,0.0,88.6,76.2,58.9,80.5,10.1
3888.6,2415.4,83.5,75.3,56.5,73.7,12.3
7184.8,6427.2,84.6,74.8,55.1,73.6,11.0
5824.2,8432.0,85.2,76.5,57.8,75.1,12.1
9982.4,995.3,82.1,77.2,52.3,74.5,14.6
12173.7,0.0,85.4,77.9,52.2,75.5,12.0
3177.7,6090.6,87.5,77.4,59.2,74.9,10.0
897.8,5229.4,90.5,77.4,69.7,77.1,8.7
2758.5,4014.7,90.1,77.3,67.7,76.4,9.2
1909.5,8484.1,92.0,81.0,69.2,79.0,9.6
499.3,1945.0,85.2,76.4,54.7,74.5,11.8
3548.9,0.0,86.2,76.8,57.8,74.8,10.4
1315.7,0.0,89.7,76.5,70.0,76.1,8.5
934.4,0.0,85.7,75.5,56.7,74.2,10.2
461.1,0.0,90.1,78.5,59.4,81.9,10.5
4804.3,0.0,90.6,79.7,61.2,82.3,10.5
2731.4,0.0,90.6,79.2,61.2,82.5,10.3
3231.1,0.0,89.0,77.7,57.4,81.5,10.9
8030.4,0.0,83.6,74.4,44.3,79.0,14.5
3951.1,0.0,83.6,75.4,43.7,79.5,15.0
9377.6,0.0,83.0,76.3,42.6,79.1,15.2
7879.2,0.0,80.0,75.5,35.3,78.6,18.1
11948.2,0.0,77.2,74.9,29.4,77.5,20.9
14179.4,0.0,80.2,80.1,31.1,79.7,22.0
4674.9,0.0,84.8,77.7,45.6,79.2,15.3
3296.3,0.0,89.1,81.2,50.7,82.6,14.1
0.0,19.1,86.5,79.5,65.5,80.2,11.5
0.0,4.4,84.4,76.4,62.8,78.3,11.6
0.0,743.7,90.6,76.9,74.9,78.3,7.8
1164.7,0.0,67.5,68.9,38.4,70.8,18.1
5845.7,0.0,88.4,78.3,63.0,76.2,10.2
3023.5,390.5,89.4,78.6,66.3,76.7,10.0
1541.2,1183.6,91.1,80.5,68.3,78.5,10.3
0.0,6745.8,89.9,75.0,70.5,75.6,9.0
2029.9,7350.5,89.8,75.5,64.1,78.9,9.4
3289.7,7027.8,91.4,77.8,67.7,81.7,8.5
4801.3,10422.9,86.8,74.7,58.3,77.2,10.6
1701.8,0.0,90.8,77.9,64.0,81.9,9.3
1873.5,0.0,91.0,79.3,62.4,82.4,9.9
7921.0,0.0,89.7,79.6,56.2,82.4,11.7
20473.9,0.0,80.4,75.8,37.0,78.5,17.6
7551.1,0.0,81.0,77.1,35.9,79.4,18.8
3893.0,0.0,89.3,75.9,61.6,80.2,9.6
8613.0,0.0,82.9,72.2,45.6,75.8,13.6
6532.0,0.0,86.4,77.2,49.6,80.2,13.3
6307.9,0.0,81.8,69.4,47.1,73.4,12.1
5970.6,543.7,75.5,67.2,49.7,71.2,13.6
3737.3,2495.3,76.7,69.0,53.3,72.2,13.1
10.2,17.0,86.6,78.4,66.3,79.6,11.2
0.0,1101.6,91.2,77.7,75.3,78.4,8.2
0.0,4994.4,88.0,72.5,67.6,73.9,8.4
2764.7,0.0,85.9,63.3,66.6,70.9,7.4
1925.0,2232.1,90.3,78.6,68.1,77.0,9.9
2032.1,8158.2,90.4,77.9,69.2,76.9,9.3
4124.7,8036.2,88.3,76.4,63.6,75.2,9.2
2512.9,10033.6,88.8,76.5,64.4,75.3,9.6
4137.3,0.0,90.1,78.4,59.9,82.1,10.4
6800.8,0.0,88.1,79.0,51.1,81.8,13.0
7373.9,0.0,89.0,80.5,55.5,82.0,12.3
5379.3,0.0,88.2,78.7,56.5,80.8,11.4
1519.0,0.0,89.0,80.6,53.4,82.5,12.7
12082.8,0.0,87.9,77.6,53.2,81.3,12.0
4246.6,5401.2,87.9,75.4,65.1,75.2,10.0
2209.5,6655.8,89.9,75.9,70.5,75.9,8.6
254.3,1291.3,88.1,77.3,65.1,76.3,10.1
2436.7,0.0,89.8,79.5,66.6,78.0,10.5
312.5,4253.1,88.8,75.4,67.0,75.3,10.0
594.8,8230.4,90.2,76.6,69.1,76.3,9.7
0.0,10202.0,90.2,77.9,70.7,76.9,9.0
2312.7,11026.9,87.9,73.4,68.4,74.3,8.4
1901.0,1293.4,89.4,75.9,65.4,77.6,9.0
222.2,0.0,90.7,78.7,61.3,82.3,10.2
2479.0,0.0,89.6,76.5,60.9,81.4,9.8
2501.8,0.0,89.5,76.1,59.8,80.9,10.3
4040.7,0.0,88.0,75.9,55.3,80.6,11.4
14264.7,0.0,80.1,70.1,48.8,74.8,14.8
14268.8,0.0,86.3,69.7,65.9,75.6,10.1
11921.9,0.0,78.4,69.7,44.5,74.1,16.5
10264.5,0.0,83.0,72.6,51.9,77.9,14.4
14624.8,0.0,81.6,70.0,51.2,76.2,14.4
23307.6,0.0,80.4,70.8,47.5,76.0,15.9
4950.5,0.0,82.5,76.6,46.5,78.7,17.9
4801.0,0.0,86.1,72.8,60.6,78.3,11.6
19704.4,0.0,82.1,70.5,52.8,76.4,14.0
6958.6,0.0,84.5,72.0,55.8,79.3,12.5
2435.0,0.0,90.1,76.2,67.1,82.2,10.4
8152.9,0.0,87.7,76.0,60.8,81.6,12.0
7342.8,0.0,82.8,74.2,52.3,76.6,14.9
17564.3,0.0,79.1,74.1,40.7,77.8,19.1
1688.8,6511.4,85.5,76.4,55.8,74.0,10.6
4292.8,5263.8,85.1,73.8,56.5,73.1,10.4
6267.3,6478.8,84.9,75.6,53.8,73.4,10.6
3405.5,9747.6,86.5,76.7,57.3,74.7,10.5
6095.8,1498.1,84.1,73.7,53.8,72.9,10.5
6744.3,1617.6,81.3,72.5,49.4,71.7,11.8
9372.9,6792.1,83.8,76.6,50.4,73.9,12.5
0.0,2880.2,88.1,76.0,64.2,75.2,10.0
0.0,6636.6,85.2,74.9,56.0,73.6,11.5
1427.1,0.0,87.1,68.0,66.9,73.0,7.1
0.0,10548.9,89.8,77.2,67.9,76.3,9.6
976.9,3937.0,88.6,75.2,66.7,75.0,9.4
21300.7,0.0,82.8,78.9,47.5,78.2,18.3
11648.1,0.0,84.0,74.5,52.5,78.7,14.6
7683.2,0.0,86.6,77.5,57.5,79.4,14.1
9486.9,0.0,83.9,74.4,53.3,77.9,14.8
13925.0,0.0,79.7,69.4,48.0,74.3,15.9
3158.5,0.0,89.0,75.5,66.4,81.7,10.2
4020.0,0.0,86.5,77.7,54.2,81.3,14.8
136.3,0.0,86.1,74.7,64.8,76.6,11.7
18877.8,0.0,81.2,70.5,49.2,76.5,15.1
14605.6,0.0,82.3,70.1,53.2,75.3,13.6
33835.6,0.0,79.9,69.9,48.7,74.3,15.2
7752.7,0.0,85.0,70.3,62.7,75.3,10.8
16786.4,0.0,78.0,71.6,41.6,75.7,18.9
9365.3,0.0,83.5,76.2,48.8,78.0,16.9
5182.6,0.0,80.8,70.4,49.0,75.8,15.1
6419.1,0.0,83.7,75.9,49.4,73.3,12.1
6775.2,0.0,79.6,73.0,44.7,71.5,13.0
9466.5,0.0,78.9,73.6,48.0,72.0,14.3
1319.4,0.0,86.6,73.0,60.9,77.2,8.8
3.2,0.0,88.8,78.2,73.3,79.5,10.4
2458.3,6028.2,88.6,76.2,59.1,81.5,10.9
1840.9,3286.2,86.8,75.1,55.0,80.8,11.9
482.6,0.0,90.8,78.1,73.4,79.9,8.2
478.3,0.0,91.8,79.5,65.0,84.9,9.9
1065.7,3197.1,92.0,80.0,66.2,85.1,9.6
592.6,2138.3,88.7,75.8,57.8,82.6,11.0
29.0,35.7,,,,,
2.0,8.0,,,,,
1.6,0.0,,,,,
10.8,0.0,,,,,
14.6,67.7,,,,,
0.0,8.4,,,,,
0.0,28.2,,,,,
0.0,40.3,,,,,
14.1,0.0,,,,,
0.0,11.0,,,,,
14.7,29.8,,,,,
0.3,0.0,,,,,
19.5,20.6,,,,,
1.3,16.0,90.3,79.5,74.0,80.3,10.5
84.9,0.0,85.6,76.5,66.9,78.4,11.2
0.0,27.8,88.2,77.7,70.5,78.9,11.1
4.0,23.7,87.7,76.9,70.7,78.5,10.8
4248.5,0.0,74.2,76.9,37.0,77.1,19.9
6.8,0.0,89.2,80.4,75.0,80.4,8.7
3238.1,0.0,78.5,74.9,47.8,77.0,16.2
3.1,46.2,88.4,78.6,70.9,79.3,11.2
2319.4,0.0,76.2,75.4,39.8,78.4,19.7
20.5,0.0,87.7,79.8,69.1,79.7,11.9
0.0,985.0,89.9,76.6,73.0,75.7,8.9
